<?xml version="1.0" encoding="UTF-8"?>
<beans xmlns="http://www.springframework.org/schema/beans" xmlns:xsi="http://www.w3.org/2001/XMLSchema-instance"
       xmlns:sec="http://www.springframework.org/schema/security"
       xsi:schemaLocation="http://www.springframework.org/schema/beans
            http://www.springframework.org/schema/beans/spring-beans.xsd
            http://www.springframework.org/schema/security
            http://www.springframework.org/schema/security/spring-security.xsd">

<!-- SPRING SECURITY START -->
    <bean id="springSecurityFilterChain" class="org.springframework.security.web.FilterChainProxy">
        <sec:filter-chain-map request-matcher="ant">
            <!-- STATIC RESOURCES -->
            <sec:filter-chain pattern="/js/**" filters="none"/>
            <sec:filter-chain pattern="/widget/**" filters="none"/>
            <sec:filter-chain pattern="/**/theme/**" filters="none"/>
            <sec:filter-chain pattern="/*.jsp" filters="none"/>
            <sec:filter-chain pattern="/dwr/**" filters="none"/>
			<sec:filter-chain pattern="/spring/dwr/**" filters="none"/>
			<sec:filter-chain pattern="/AdDispatcher" filters="none"/>
			<sec:filter-chain pattern="/getImageFile" filters="none"/>
            <sec:filter-chain pattern="/**" filters="characterEncodingFilter, initFilter,oAuthFilter, concurrentSessionFilter, securityContextFilter, logoutFilter, formLoginFilter, requestCacheFilter, servletApiFilter, anonymousFilter, sessionManagementFilter, exceptionTranslator, filterSecurityInterceptor"/>
        </sec:filter-chain-map>
    </bean>

    <!-- UTF-8 encoding filter (the first filter) -->
    <bean id="characterEncodingFilter" class="org.springframework.web.filter.CharacterEncodingFilter">
        <property name="encoding" value="UTF-8"/>
    </bean>

    <!-- init filter (must be right after characterEncodingFilter) -->
    <bean id="initFilter" class="com.scb.nfs.ibank.common.web.helper.BOAInitFilter">
        <property name="delegatingAuthenticationEntryPoint" ref="delegatingAuthenticationEntryPoint"/>
        <property name="userAgentMap" ref="userAgentMap"/>
        <property name="restrictAuthenticatedUrlMap" ref="restrictAuthenticatedUrlMap"/>
        <property name="customCookieName" value="${sec.custom.cookie}"/>
        <!-- TODO support this property by update the jar nfs-sec.jar-->
<!--         <property name="systemTimeoutMap"> -->
<!--         	<map> -->
<!--         		<entry key="BOA" value="${boa.session.timeout}"/> -->
<!--         	</map> -->
<!--         </property> -->
    </bean>

    <!-- OAuthFilter filter  -->
    <bean id="oAuthFilter" class="com.scb.nfs.ibank.common.web.helper.OAuthFilter">
    </bean>

	<bean id="concurrentSessionFilter" class="org.springframework.security.web.session.ConcurrentSessionFilter">
        <property name="redirectStrategy" ref="redirectStrategy"/>
        <!--<property name="expiredUrl" value="${session.timeout.url}&amp;max=1"/>
        <property name="sessionRegistry" ref="sessionRegistry"/>-->
        <constructor-arg ref="sessionRegistry"/>
        <constructor-arg value="${session.timeout.url}&amp;max=1"/>
    </bean>

	<bean id="sessionRegistry" class="com.scb.nfs.security.core.session.JdbcSessionRegistryImpl">
		<property name="securityDAO" ref="securityDAO"/>
	</bean>

    <bean id="securityContextFilter" class="org.springframework.security.web.context.SecurityContextPersistenceFilter">
        <constructor-arg ref="securityContextRepository"/>
    </bean>

    <bean id="logoutFilter" class="com.scb.nfs.security.web.authentication.logout.LogoutFilter">
        <constructor-arg ref="logoutSuccessHandler"/>
        <constructor-arg>
            <list>
            	<ref bean="auditLogoutHandler"/>
                <bean class="org.springframework.security.web.authentication.logout.SecurityContextLogoutHandler"/>
            </list>
        </constructor-arg>
        <property name="filterProcessesUrl" value="${logout.processing.url}"/>
    </bean>

    <bean id="formLoginFilter" class="com.scb.nfs.security.web.authentication.UsernamePasswordAuthenticationFilter">
        <property name="authenticationManager" ref="authenticationManager"/>
        <property name="authenticationSuccessHandler" ref="authenticationSuccessHandler"/>
        <property name="authenticationFailureHandler" ref="authenticationFailureHandler"/>
        <property name="sessionAuthenticationStrategy" ref="compositeSessionAuthenticationControlStrategy"/>
        <property name="filterProcessesUrl" value="${login.processing.url}"/>
        <property name="ssoLoginUrl" value="${sso.login.url}"/>
        <property name="allowSessionCreation" value="false"/>        
    </bean>

    <bean id="requestCacheFilter" class="org.springframework.security.web.savedrequest.RequestCacheAwareFilter">
        <constructor-arg ref="requestCache"/>
    </bean>

    <bean id="servletApiFilter" class="org.springframework.security.web.servletapi.SecurityContextHolderAwareRequestFilter"/>

    <bean id="anonymousFilter" class="com.scb.nfs.security.web.authentication.AnonymousAuthenticationFilter">
        <!--<property name="userAttribute" value="anonymousUser,ROLE_ANONYMOUS"/>-->
        <constructor-arg value="OBJEBOA"/>
        <property name="key" value="OBJEBOA"/>
        <!--<property name="userAttribute" value="anonymousUser,ROLE_ANONYMOUS"/>-->

    </bean>

    <bean id="anonymousAuthenticationProvider"
          class="org.springframework.security.authentication.AnonymousAuthenticationProvider">
        <constructor-arg value="OBJEBOA"/>
    </bean>

    <bean id="sessionManagementFilter" class="org.springframework.security.web.session.SessionManagementFilter">
        <constructor-arg ref="securityContextRepository"/>
        <constructor-arg ref="compositeSessionAuthenticationControlStrategy"/>
        <property name="authenticationFailureHandler" ref="authenticationFailureHandler"/>
        <!--<property name="sessionAuthenticationStrategy" ref="sessionAuthenticationStrategy"/>-->
        <!--<property name="redirectStrategy" ref="redirectStrategy"/>-->
    </bean>

    <bean id="exceptionTranslator" class="org.springframework.security.web.access.ExceptionTranslationFilter">
        <constructor-arg ref="delegatingAuthenticationEntryPoint"/>
        <constructor-arg ref="requestCache"/>
    </bean>

    <bean id="filterSecurityInterceptor" class="org.springframework.security.web.access.intercept.FilterSecurityInterceptor">
        <property name="authenticationManager" ref="authenticationManager"/>
        <property name="accessDecisionManager" ref="accessDecisionManager"/>
        <property name="securityMetadataSource">
            <sec:filter-security-metadata-source use-expressions="false">
                <!-- ANONYMOUSLY ACCESSED RESOURCES -->
                <sec:intercept-url pattern="/**/${global.url}*" access="IS_AUTHENTICATED_ANONYMOUSLY"/>
                <sec:intercept-url pattern="/**/${login.url}*" access="IS_AUTHENTICATED_ANONYMOUSLY"/>
                <sec:intercept-url pattern="/**/${ddlogin.url}*" access="IS_AUTHENTICATED_ANONYMOUSLY"/>
                <sec:intercept-url pattern="/**/${logout.success.url}*" access="IS_AUTHENTICATED_ANONYMOUSLY"/>
                <sec:intercept-url pattern="/spring/dwr/**" access="IS_AUTHENTICATED_ANONYMOUSLY"/>
                <sec:intercept-url pattern="/services/**" access="IS_AUTHENTICATED_ANONYMOUSLY"/>
                <sec:intercept-url pattern="/ral_*.htm*" access="IS_AUTHENTICATED_ANONYMOUSLY"/>
                <sec:intercept-url pattern="/first_time_login*.htm*" access="IS_AUTHENTICATED_ANONYMOUSLY"/>

                <sec:intercept-url pattern="/dwr/**" access="IS_AUTHENTICATED_ANONYMOUSLY" />
                <sec:intercept-url pattern="/Sybase365AckServlet" access="IS_AUTHENTICATED_ANONYMOUSLY"/>
                <sec:intercept-url pattern="/urlDownloadServlet" access="IS_AUTHENTICATED_ANONYMOUSLY"/>

                <sec:intercept-url pattern="/**/getImageFile*" access="IS_AUTHENTICATED_ANONYMOUSLY"/>

                <!-- RESTRICTED JSPs -->
                <sec:intercept-url pattern="/**/*.jsp" access="ROLE_RESTRICT_ALL"/>

                <sec:intercept-url pattern="/**" access="FUNCTION_ACCESS"/>
            </sec:filter-security-metadata-source>
        </property>

    </bean>

    <!-- request cache -->
    <bean id="requestCache" class="org.springframework.security.web.savedrequest.HttpSessionRequestCache">
        <property name="createSessionAllowed" value="false"/>
    </bean>

    <!-- security context repository -->
    <bean id="securityContextRepository" class="org.springframework.security.web.context.HttpSessionSecurityContextRepository">
        <property name="allowSessionCreation" value="false"/>
        <property name="disableUrlRewriting" value="true"/><!-- ensure jsessionid is not appended to url -->
    </bean>

    <!-- session authentication strategy -->
    <!-- sessionAuthenticationStrategy -->
    <bean id="concurrentSessionControlStrategy" class="com.scb.nfs.security.web.authentication.session.ConcurrentSessionControlStrategy">
    	<constructor-arg ref="sessionRegistry"/>
    	<property name="maximumSessions" value="${sec.max.user.concurrent.sessions}"/>
    </bean>

    <bean id="registerSessionAuthenticationStrategy" class="com.scb.nfs.security.web.authentication.session.RegisterSessionAuthenticationControlStrategy">
        <constructor-arg ref="sessionRegistry"/>
    </bean>

    <bean id="compositeSessionAuthenticationControlStrategy" class="com.scb.nfs.security.web.authentication.session.CompositeSessionAuthenticationControlStrategy">
        <constructor-arg>
            <list>
                <ref bean="concurrentSessionControlStrategy"/>
                <ref bean="registerSessionAuthenticationStrategy"/>
            </list>
        </constructor-arg>
    </bean>

    
    <!-- authentication entry point -->
    <bean id="delegatingAuthenticationEntryPoint" class="com.scb.nfs.security.web.authentication.DelegatingAuthenticationEntryPoint">
        <property name="authenticationEntryPointMap">
            <map>
                <entry key="dd" value-ref="ddAuthenticationEntryPoint"/>
                <entry key="foa" value-ref="foaAuthenticationEntryPoint"/>
                <entry key="default" value-ref="foaAuthenticationEntryPoint"/>
            </map>
        </property>
    </bean>

    <bean id="foaAuthenticationEntryPoint" class="com.scb.nfs.security.web.authentication.UrlAuthenticationEntryPoint">
        <property name="loginFormUrl" value="${login.url}"/>
        <property name="exceptionUrlResolver" ref="foaExceptionUrlResolver"/>
        <property name="redirectStrategy" ref="redirectStrategy"/>
    </bean>

    <bean id="ddAuthenticationEntryPoint" class="com.scb.nfs.security.web.authentication.UrlAuthenticationEntryPoint">
        <property name="loginFormUrl" value="${ddlogin.url}"/>
        <property name="exceptionUrlResolver" ref="ddExceptionUrlResolver"/>
        <property name="redirectStrategy" ref="redirectStrategy"/>
    </bean>

    <!-- authentication manager -->
    <sec:authentication-manager alias="authenticationManager" erase-credentials="true">
        <sec:authentication-provider ref="ebbsAuthenticationProvider"/>
        <sec:authentication-provider ref="boaAuthenticationProvider"/>
        <sec:authentication-provider ref="boaLdapAuthenticationProvider"/>
        <sec:authentication-provider ref="mvsAuthenticationProvider"/>		
    </sec:authentication-manager>

    <!-- access decision manager -->
    <bean id="accessDecisionManager" class="com.scb.nfs.ibank.common.web.helper.BOAAffirmativeBased">
        <constructor-arg>
            <list>
                <bean id="accessControlVoter" class="com.scb.nfs.ibank.common.web.helper.BOAFunctionAccessVoter">
                    <property name="securityService" ref="securityService"/>
                    <property name="cacheManager" ref="cacheManager"/>
                </bean>
                <bean class="org.springframework.security.access.vote.RoleVoter"/>
                <bean class="org.springframework.security.access.vote.AuthenticatedVoter"/>
                <!--<bean class="org.springframework.security.web.access.expression.WebExpressionVoter" />-->
            </list>
        </constructor-arg>
    </bean>

    <!-- authentication exception mapping -->
    <bean id="foaExceptionUrlResolver" class="com.scb.nfs.security.web.authentication.HierarchicalExceptionUrlResolver">
        <property name="exceptionMappings" ref="foaAuthenticationExceptionMap"/>
        <property name="securityErrorMapper" ref="securityErrorMapper"/>
    </bean>

    <bean id="ddExceptionUrlResolver" class="com.scb.nfs.security.web.authentication.HierarchicalExceptionUrlResolver">
        <property name="exceptionMappings" ref="ddAuthenticationExceptionMap"/>
        <property name="securityErrorMapper" ref="securityErrorMapper"/>
    </bean>

    <!-- authentication success handler -->
    <bean id="baseAuthenticationSuccessHandler" class="com.scb.nfs.security.web.authentication.AuthenticationSuccessHandler" abstract="true">
        <property name="defaultTargetUrl" value="${landing.page.url}"/>
        <property name="requestCache" ref="requestCache"/>
        <property name="redirectStrategy" ref="redirectStrategy"/>
        <property name="securityService" ref="securityService"/>
    </bean>

    <!-- authentication failure handler -->
    <bean id="baseAuthenticationFailureHandler" class="com.scb.nfs.security.web.authentication.ExceptionMappingAuthenticationFailureHandler" abstract="true">
        <property name="defaultFailureUrl" value="${login.failure.url}"/>
        <property name="foaExceptionUrlResolver" ref="foaExceptionUrlResolver"/>
        <property name="ddExceptionUrlResolver" ref="ddExceptionUrlResolver"/>
        <property name="redirectStrategy" ref="redirectStrategy"/>
        <property name="updateLoginFailure" value="true"/>
        <property name="securityService" ref="securityService"/>
    </bean>

    <bean id="logoutSuccessHandler" class="com.scb.nfs.security.web.authentication.logout.RestrictedUrlLogoutSuccessHandler">
        <property name="targetUrlParameter" value="logoutSuccessUrl"/>
        <property name="defaultTargetUrl" value="${logout.success.url}"/>
        <property name="restrictedUrl" value="${restricted.logout.url}"/>
        <property name="fallbackUrl" value="${session.timeout.url}"/>
        <property name="createSession" value="false"/>
        <property name="redirectStrategy" ref="redirectStrategy"/>
    </bean>

	<!-- Logout Handler -->
	<bean id="baseAuditLogoutHandler" class="com.scb.nfs.security.web.authentication.logout.AuditLogoutHandler" abstract="true"/>

    <!-- Password Encoder -->
    <bean id="sha1Base64PasswordEncoder" class="org.springframework.security.crypto.password.MessageDigestPasswordEncoder">
        <property name="encodeHashAsBase64" value="true"/>
        <!-- algorithm -->
        <constructor-arg value="SHA-1"/>
        <!-- encode as Base64? -->
        <!--<constructor-arg value="true"/>-->
    </bean>
    
    <bean id="caPasswordEncoder" class="com.scb.nfs.security.authentication.encoding.CAPasswordEncoder">
    	<constructor-arg ref="caManager" />
    </bean>
    <!--
    <bean id="shaHexPasswordEncoder" class="com.scb.nfs.security.authentication.encoding.ShaPasswordEncoder"/>
-->
    <!-- Session Bean-->
    <bean id="userInfoBean" class="com.scb.nfs.security.web.UserInfoBean" scope="session"/>

    <!-- TAGLIB support -->
    <bean id="webPrivilegeEvaluator" class="org.springframework.security.web.access.DefaultWebInvocationPrivilegeEvaluator">
        <constructor-arg ref="filterSecurityInterceptor"/>
    </bean>

    <bean id="securityErrorMapper" class="com.scb.nfs.base.helper.ErrorMapper">
        <constructor-arg type="java.lang.String" value="sec-errormap.properties"/>
    </bean>
    <!-- SPRING SECURITY END -->

</beans>