<?xml version="1.0" encoding="UTF-8"?>
<beans xmlns="http://www.springframework.org/schema/beans" xmlns:xsi="http://www.w3.org/2001/XMLSchema-instance"
       xmlns:aop="http://www.springframework.org/schema/aop"
       xmlns:context="http://www.springframework.org/schema/context"
       xmlns:tx="http://www.springframework.org/schema/tx"
       xmlns:vld="http://www.springmodules.org/validation/bean/validator"
       xmlns:util="http://www.springframework.org/schema/util"
       xsi:schemaLocation="http://www.springframework.org/schema/beans WEB-INF/resources/spring-beans-3.0.xsd
            http://www.springframework.org/schema/context WEB-INF/resources/spring-context-3.0.xsd
            http://www.springframework.org/schema/aop WEB-INF/resources/spring-aop-3.0.xsd
            http://www.springframework.org/schema/tx WEB-INF/resources/spring-tx-3.0.xsd
            http://www.springmodules.org/validation/bean/validator WEB-INF/resources/validator-2.0.xsd
            http://www.springframework.org/schema/util WEB-INF/resources/spring-util-3.0.xsd">

    <bean class="org.springframework.beans.factory.config.PropertyPlaceholderConfigurer">
        <property name="locations">
            <list>
                <value>file:${OB_JE_PROPS_BASE}/ibank.properties</value>
                <value>file:${OB_JE_PROPS_BASE}/gateway.properties</value>
                <value>file:${OB_JE_PROPS_BASE}/jdbc.properties</value>

                <value>classpath:jndi.properties</value>
                <value>classpath:notification.properties</value>
                <value>classpath:system.properties</value>
                <value>classpath:cms.properties</value>
                <value>classpath:app-env.properties</value>
            </list>
        </property>
        <property name="ignoreUnresolvablePlaceholders" value="true"/>
    </bean>

    <aop:config>
        <aop:pointcut id="businessPointcut" expression="execution(* *..bo.*BO.*(..))"/>
        <aop:pointcut id="daoPointcut" expression="execution(* *..dao.*DAO.*(..))"/>

        <aop:advisor id="businessTx" advice-ref="txAdvice" pointcut-ref="businessPointcut"/>
        <aop:advisor id="daoTx" advice-ref="daoAdvice" pointcut-ref="daoPointcut"/>
    </aop:config>

    <tx:advice id="txAdvice">
        <tx:attributes>
            <tx:method name="get*" read-only="true" rollback-for="Exception"/>
            <tx:method name="validate*" read-only="true" rollback-for="Exception"/>
            <tx:method name="insert*" propagation="REQUIRED" rollback-for="Exception"/>
            <tx:method name="is*" propagation="REQUIRED" rollback-for="Exception"/>
            <tx:method name="add*" propagation="REQUIRED" rollback-for="Exception"/>
            <tx:method name="update*" propagation="REQUIRED" rollback-for="Exception"/>
            <tx:method name="delete*" propagation="REQUIRED" rollback-for="Exception"/>
            <tx:method name="process*" propagation="REQUIRED" rollback-for="Exception"/>

			<!--  Specially requested by SO team to cancel the rollback-for="Excpetion" !!! -->
            <tx:method name="make*" propagation="REQUIRED" />
			
	        <!--	        
	        Disabled transaction for getProductSummary and getProductList.
	        These methods are calling to 3 different hosts, it shouldn't cause transaction rollback
	        when some of the hosts are time-out.
	        -->
	        <tx:method name="getProductSummary" propagation="NOT_SUPPORTED"/>
	        <tx:method name="getProductList" propagation="NOT_SUPPORTED" />

            <!-- Disable transaction for authenticateUser. 
            this method is to authenticate login user, and shouldn't cause transaction rollback.
            If enable the transaction, updateLoginUserFailure(REQUIRES_NEW) cannot be submitted.
             -->
            <tx:method name="authenticateUser" propagation="NOT_SUPPORTED"/>

            <tx:method name="*" propagation="REQUIRED" rollback-for="Exception"/>
        </tx:attributes>
    </tx:advice>

    <tx:advice id="daoAdvice">
        <tx:attributes>
            <tx:method name="get*" propagation="NOT_SUPPORTED" read-only="true" rollback-for="Exception"/>
            <tx:method name="retrieve*" propagation="SUPPORTS" read-only="true" rollback-for="Exception"/>			

			<!-- for insert,update,delete that REQUIRES_NEW transaction -->
            <tx:method name="insertAuditRecord" propagation="REQUIRES_NEW" rollback-for="Exception"/>
            <tx:method name="insertTransfer" propagation="REQUIRES_NEW" rollback-for="Exception"/>
			<tx:method name="insert*" propagation="REQUIRED" rollback-for="Exception"/>                         
			<tx:method name="add*" propagation="REQUIRED" rollback-for="Exception"/>
			<tx:method name="update*" propagation="REQUIRED" rollback-for="Exception"/>
			<tx:method name="delete*" propagation="REQUIRED" rollback-for="Exception"/>
			<tx:method name="process*" propagation="REQUIRED" rollback-for="Exception"/>

            <tx:method name="*" propagation="REQUIRED" rollback-for="Exception"/>

            <!-- for notif  -->
            <tx:method name="*RequiresNew" propagation="REQUIRES_NEW" rollback-for="Exception"/>
            <tx:method name="updateOTPValidation" propagation="REQUIRES_NEW" rollback-for="Exception"/>
            <tx:method name="updateAuthorisationRequest" propagation="REQUIRES_NEW"/>
            
            <!-- for gl -->
            <tx:method name="updateUserLoginInfo" propagation="REQUIRES_NEW"/>

        </tx:attributes>
    </tx:advice>

    <!-- Performance monitoring -->
    <bean id="businessPerformanceMonitor" class="com.scb.nfs.base.monitoring.PerformanceMonitorInterceptor">
        <constructor-arg type="java.lang.String" value="BOPerfLog"/>
    </bean>

    <bean id="daoPerformanceMonitor" class="com.scb.nfs.base.monitoring.PerformanceMonitorInterceptor">
        <constructor-arg type="java.lang.String" value="DAOPerfLog"/>
    </bean>

    <bean id="debugInterceptor" class="com.scb.nfs.base.helper.DebugInterceptor">
        <property name="methodBlacklist">
            <set>
                <value>validatePassword</value>
                <value>validateChangePassword</value>
                <value>processChangePassword</value>
                <value>processAccountActivation</value>
                <value>processCreateCredentials</value>
                <value>makeAuthenticateUser</value>
                <value>getCacheList</value>
                <value>updateUser</value>
            </set>
        </property>
    </bean>

    <aop:config>
        <aop:aspect ref="debugInterceptor">
            <aop:around pointcut-ref="businessPointcut" method="printInParameters"/>
            <aop:around pointcut-ref="daoPointcut" method="printInParameters"/>
        </aop:aspect>
        <aop:aspect ref="businessPerformanceMonitor">
            <aop:around pointcut-ref="businessPointcut" method="logDuration"/>
        </aop:aspect>
        <aop:aspect ref="daoPerformanceMonitor">
            <aop:around pointcut-ref="daoPointcut" method="logDuration"/>
        </aop:aspect>
    </aop:config>

    <!-- Startup -->
    <bean id="startupManager" class="com.scb.nfs.base.helper.StartupManager">
        <property name="startupItems">
            <list>
                <ref bean="integrationStartupItem"/>
                <ref bean="resourceBundleStartupItem"/>
				<!-- <ref bean="securityStartupItem"/>
                <ref bean="cacheStartupItem"/>
                 -->
    
                <!-- FOA Specific START -->
<!--                 <ref bean="functionMenuItem_FOA"/> -->
<!--                 <ref bean="functionMenuCfgItem_FOA_en"/> -->
                <!-- FOA Specific END -->
                
                <!-- BOA Specific START -->
<!--                 <ref bean="functionMenuItem_BOA"/> -->
<!--                 <ref bean="functionMenuCfgItem_BOA_en"/> -->
                <!-- BOA Specific END -->
            </list>
        </property>
    </bean>
    
    <bean id="dbqStartupManager" class="com.scb.nfs.base.helper.StartupManager">
        <property name="startupItems">
            <list>
                <ref bean="dbqStartupItem"/>
            </list>
        </property>
    </bean>

    <bean id="dbqStartupItem" class="com.scb.nfs.base.dbq.helper.DBQStartupItem">
        <property name="dbqManagers">
            <list>
                <ref bean="smsQueueManager"/>
            </list>
        </property>
    </bean>

	<bean id="cacheStartupItem" class="com.scb.nfs.base.cache.helper.CacheStartupItem">
		<property name="cacheService" ref="cacheService"/>
	</bean>

    <bean id="integrationStartupItem" class="com.scb.nfs.base.integration.helper.IntegrationStartupItem"/>

    <bean id="velocityStartupItem" class="com.scb.nfs.base.helper.VelocityStartupItem" abstract="true">
        <property name="velocityTransformer" ref="velocityTransformer"/>
    </bean>
	
	<bean id="securityStartupItem" class="com.scb.nfs.security.helper.SecurityStartupItem"/>
	
    <!-- <bean id="functionMenuItem_FOA" parent="velocityStartupItem">
        <property name="templateName" value="com/scb/nfs/ibank/security/template/menu_foa.vm"/>
        <property name="filePath" value="/js/menu_foa.js"/>
        <property name="paramMap">
            <map>
                <entry key="functionMenuList" value-ref="functionMenu_FOA_en"/>
            </map>
        </property>
    </bean> -->

    <!-- <bean id="functionMenuCfgItem_FOA_en" class="com.scb.nfs.base.helper.VelocityStartupItem">
        <property name="velocityTransformer" ref="velocityTransformer"/>
        <property name="templateName" value="com/scb/nfs/ibank/security/template/menu_foa_config.vm"/>
        <property name="filePath" value="/js/menu_foa_config.js"/>
        <property name="paramMap">
            <map>
                <entry key="functionMenuList" value-ref="functionMenu_FOA_en"/>
            </map>
        </property>
    </bean> -->

<!--     <bean id="functionMenuItem_BOA" parent="velocityStartupItem">
        <property name="templateName" value="com/scb/nfs/ibank/security/template/menu_boa.vm"/>
        <property name="filePath" value="/js/menu_boa.js"/>
        <property name="paramMap">
            <map>
                <entry key="functionMenuList" value-ref="functionMenu_BOA_en"/>
            </map>
        </property>
    </bean>

    <bean id="functionMenuCfgItem_BOA_en" class="com.scb.nfs.base.helper.VelocityStartupItem">
        <property name="velocityTransformer" ref="velocityTransformer"/>
        <property name="templateName" value="com/scb/nfs/ibank/security/template/menu_boa_config.vm"/>
        <property name="filePath" value="/js/menu_boa_config.js"/>
        <property name="paramMap">
            <map>
                <entry key="functionMenuList" value-ref="functionMenu_BOA_en"/>
            </map>
        </property>
    </bean> -->

    <!-- Integration Module -->
    <bean id="integrationProcessor" class="com.scb.nfs.base.integration.processor.impl.IntegrationProcessorImpl" scope="prototype"/>

    <bean id="integrationConfigManager" class="com.scb.nfs.ibank.gateway.helper.IbankIntegrationConfigManager" scope="singleton">
        <property name="configFiles">
            <list>
				<value>com/scb/nfs/gateway/sas/SAS-integration-config.xml</value>
				<value>com/scb/nfs/ibank/gateway/ca/CA-integration-config.xml</value>
				               
				<value>com/scb/nfs/ibank/gateway/cbis/CBIS-integration-config.xml</value>
				<value>com/scb/nfs/ibank/gateway/globus/GLOBUS-integration-config.xml</value>
				<value>com/scb/nfs/ibank/gateway/ebbs/EBBS-integration-config.xml</value>
 				<value>com/scb/nfs/ibank/gateway/gsc/GSC-integration-config.xml</value>
				<value>com/scb/nfs/ibank/gateway/globallink/GL-integration-config.xml</value>
<!-- 				<value>com/scb/nfs/ibank/gateway/estatement/ESTMT-integration-config.xml</value> -->
				<value>com/scb/nfs/ibank/gateway/estatementJE/ESTMT-integration-config.xml</value>
				<value>com/scb/nfs/ibank/gateway/einvestment/EInvestment-integration-config.xml</value>
 				
 				<value>com/scb/nfs/notification/gateway/sybase365/S365-integration-config.xml</value>
                <value>com/scb/nfs/notification/gateway/mobs/MOBS-integration-config.xml</value>
                
                <value>com/scb/nfs/ibank/gateway/mdis/MDIS-integration-config.xml</value>
                <value>com/scb/nfs/ibank/gateway/edmi/EDMI-integration-config.xml</value>
           </list>
        </property>
    </bean>

    <!-- Adapter -->
    <bean id="adapterFactory" class="com.scb.nfs.base.integration.adapter.AdapterFactory" scope="singleton">
        <property name="beanMapping">
            <props>
                <prop key="webservices">webServicesAdapter</prop>
                <prop key="webservicesSoap">webServicesSoapAdapter</prop>
                <prop key="mq">mqAdapter</prop>
                <prop key="jms">jmsAdapter</prop>
                <prop key="file">fileAdapter</prop>
                <prop key="http">httpAdapter</prop>
                <prop key="simulator">simulatorAdapter</prop>
            </props>
        </property>
    </bean>
<bean id="webServicesSoapAdapter" class="com.scb.nfs.ibank.gateway.helper.WebServicesSoapAdapterImpl" scope="prototype"/>
    <bean id="mqAdapter" class="com.scb.nfs.ibank.gateway.helper.MQAdapterIbankImpl" scope="prototype"/>
    <bean id="jmsAdapter" class="com.scb.nfs.base.integration.adapter.impl.JMSAdapterImpl" scope="prototype"/>
    <bean id="fileAdapter" class="com.scb.nfs.base.integration.adapter.impl.FileAdapterImpl" scope="prototype"/>
    <bean id="webServicesAdapter" class="com.scb.nfs.base.integration.adapter.impl.WebServicesAdapterImpl" scope="prototype"/>
    <bean id="httpAdapter" class="com.scb.nfs.base.integration.adapter.impl.HttpAdapterImpl" scope="prototype"/>
	
    <bean id="simulatorAdapter" class="com.scb.nfs.ibank.gateway.simulator.IbankSimulatorAdapterImpl" scope="prototype">
    	<property name="messagePath" value="simulators/"/>
    	<property name="messageExt" value=".xml"/>
    	<property name="isCached" value="false"/>
    </bean>

    <!-- Transformers -->
    <bean id="transformerFactory" class="com.scb.nfs.base.integration.transform.TransformerFactory" scope="singleton">
        <property name="beanMapping">
            <props>
                <prop key="xslt">xsltTransformer</prop>
                <prop key="object2xml">object2XmlTransformer</prop>
                <prop key="xml2object">xml2ObjectTransformer</prop>
                <prop key="csv">csvTransformer</prop>
                <prop key="velocity">velocityTransformer</prop>
                <prop key="url">urlParamTransformer</prop>
               	<prop key="rfh2">rfh2Transformer</prop> 
                <prop key="serial">serializationTransformer</prop>
            </props>
        </property>
    </bean>

    <bean id="xsltTransformer" class="com.scb.nfs.base.integration.transform.impl.XSLTTransformerImpl"/>
    <bean id="xml2ObjectTransformer" class="com.scb.nfs.base.integration.transform.impl.XML2ObjectTransformerImpl"/>
    <bean id="object2XmlTransformer" class="com.scb.nfs.base.integration.transform.impl.Object2XMLTransformerImpl"/>
    <bean id="csvTransformer" class="com.scb.nfs.base.integration.transform.impl.CsvTransformerImpl"/>
    <bean id="velocityTransformer" class="com.scb.nfs.base.integration.transform.impl.VelocityTransformerImpl">
        <property name="velocityEngine" ref="velocityEngine"/>
    </bean>
    <bean id="urlParamTransformer" class="com.scb.nfs.base.integration.transform.impl.URLParamTransformerImpl">
        <property name="velocityEngine" ref="velocityEngine"/>
    </bean>
    <bean id="rfh2Transformer" class="com.scb.nfs.base.integration.transform.impl.RFH2TransformerImpl"/>
    <bean id="serializationTransformer" class="com.scb.nfs.base.integration.transform.impl.SerializationTransformerImpl"/>

    <!-- velocity -->

    <util:properties id="velocityPropertiesMap">
        <prop key="resource.loader">class</prop>
        <prop key="class.resource.loader.class">org.apache.velocity.runtime.resource.loader.ClasspathResourceLoader</prop>
        <prop key="input.encoding">UTF-8</prop>
        <prop key="output.encoding">UTF-8</prop>
    </util:properties>

    <bean id="velocityEngine" class="org.apache.velocity.app.VelocityEngine">
        <constructor-arg ref="velocityPropertiesMap"/>
    </bean>

    <!-- Error mapper -->
    <bean id="businessErrorMapper" class="com.scb.nfs.base.helper.ErrorMapper">
        <constructor-arg type="java.lang.String" value="business-errormap.properties"/>
    </bean>

    <!-- Resource Bundle -->
    <bean id="messageSource" class="org.springframework.context.support.ReloadableResourceBundleMessageSource">
        <property name="fallbackToSystemLocale" value="false"/>
         <property name="basenames">
            <list>
            	<!-- BOA Specific START -->
            	<value>classpath:messages/boa_error_message</value>
                <value>classpath:messages/boa_message</value>
                <value>${resource.bundle.staging.path}/boa_transaction_log</value>
				<value>${resource.bundle.staging.path}/report_header</value>
                <!-- BOA Specific END -->
                
                <!-- FOA Specific START -->
                <value>classpath:messages/foa_message</value>
                <value>WEB-INF/messages/foa_error_message</value>
                <!-- FOA Specific END -->
            </list>
          </property>
    </bean>
</beans>