<?xml version="1.0" encoding="UTF-8"?>
<beans xmlns="http://www.springframework.org/schema/beans"
       xmlns:xsi="http://www.w3.org/2001/XMLSchema-instance"
       xmlns:util="http://www.springframework.org/schema/util"
       xmlns:dwr="http://www.directwebremoting.org/schema/spring-dwr"
       xsi:schemaLocation="http://www.springframework.org/schema/beans http://www.springframework.org/schema/beans/spring-beans.xsd
            http://www.springframework.org/schema/util http://www.springframework.org/schema/util/spring-util.xsd
            http://www.directwebremoting.org/schema/spring-dwr WEB-INF/resources/spring-dwr-2.0.xsd">

<!-- SPRING SECURITY START -->
<!--     <sec:filter-security-metadata-source id="securityMetadataSource"> -->
<!--         <sec:intercept-url pattern="/**/${global.url}*" access="IS_AUTHENTICATED_ANONYMOUSLY"/> -->
<!--         <sec:intercept-url pattern="/**/${login.url}*" access="IS_AUTHENTICATED_ANONYMOUSLY"/> -->
<!--         <sec:intercept-url pattern="/**/${ddlogin.url}*" access="IS_AUTHENTICATED_ANONYMOUSLY"/> -->
<!--         <sec:intercept-url pattern="/**/${logout.success.url}*" access="IS_AUTHENTICATED_ANONYMOUSLY"/> -->
<!--         <sec:intercept-url pattern="/spring/dwr/**" access="IS_AUTHENTICATED_ANONYMOUSLY"/> -->
<!--         <sec:intercept-url pattern="/services/**" access="IS_AUTHENTICATED_ANONYMOUSLY"/> -->
<!--         <sec:intercept-url pattern="/ral_*.htm*" access="IS_AUTHENTICATED_ANONYMOUSLY"/> -->
<!--         <sec:intercept-url pattern="/first_time_login*.htm*" access="IS_AUTHENTICATED_ANONYMOUSLY"/> -->

<!--         <sec:intercept-url pattern="/dwr/**" access="IS_AUTHENTICATED_ANONYMOUSLY" /> -->
<!--         <sec:intercept-url pattern="/Sybase365AckServlet" access="IS_AUTHENTICATED_ANONYMOUSLY"/> -->
<!--         <sec:intercept-url pattern="/urlDownloadServlet" access="IS_AUTHENTICATED_ANONYMOUSLY"/> -->

<!--         <sec:intercept-url pattern="/**/getImageFile*" access="IS_AUTHENTICATED_ANONYMOUSLY"/> -->
        
<!--         <sec:intercept-url pattern="/**/*.jsp" access="ROLE_RESTRICT_ALL"/> -->

<!--         <sec:intercept-url pattern="/**" access="FUNCTION_ACCESS"/> -->
<!--     </sec:filter-security-metadata-source> -->

    <bean id="redirectStrategy" class="com.scb.nfs.security.web.ServletPathRedirectStrategy">
        <property name="fallbackServletPath" value="${default.servlet.path}"/>
    </bean>

    <!-- authentication strategy by country -->
    <util:map id="authenticationStrategyMap">
        <entry key="SSO-DEFAULT" value-ref="defaultAuthenticationStrategy"/>	
    </util:map>

    <!-- UsernamePasswordAuthenticationStrategy 
    <bean id="defaultSSOAuthenticationStrategy" class="com.scb.nfs.ibank.security.helper.SSOAuthenticationStrategy" parent="defaultAuthenticationStrategy">        
    </bean>-->
    
    <bean id="defaultAuthenticationStrategy" class="com.scb.nfs.security.authentication.DefaultUsernamePasswordAuthenticationStrategy">
        <property name="securityService" ref="securityService"/>
        <property name="firstLevelPasswordEncoder" ref="sha1Base64PasswordEncoder"/>
        <property name="secondLevelPasswordEncoder" ref="caPasswordEncoder"/>
    </bean>
    
<!--     <bean id="defaultAuthenticationStrategy" class="com.scb.nfs.ibank.security.strategy.E2EUsernamePasswordIbankAuthenticationStrategy"> -->
<!--         <property name="securityService" ref="ibankSecurityService"/> -->
<!--         <property name="firstLevelPasswordEncoder" ref="sha1Base64PasswordEncoder"/> -->
<!--         <property name="secondLevelPasswordEncoder" ref="caPasswordEncoder"/> -->
<!--     </bean> -->
    
    <bean id="ibankAuthenticationStrategy" class=" com.scb.nfs.ibank.security.helper.IBankUsernamePasswordAuthenticationStrategy"
    	parent="defaultAuthenticationStrategy">
    	<property name="globusLdapAuthenticationHelper" ref="globusLdapAuthenticationHelper"/>
    	<property name="customerBO" ref="customerBO"/>
    </bean>

    <bean id="caseInsensitiveUsernameAuthenticationStrategy" class="com.scb.nfs.security.authentication.DefaultUsernamePasswordAuthenticationStrategy" 
		parent="defaultAuthenticationStrategy">
        <property name="caseSensitiveUsername" value="false"/>
    </bean>

    <bean id="e2eUsernamePasswordIbankAuthenticationStrategy" class="com.scb.nfs.ibank.security.strategy.E2EUsernamePasswordIbankAuthenticationStrategy" 
		parent="defaultAuthenticationStrategy">
		<property name="globusLdapAuthenticationHelper" ref="globusLdapAuthenticationHelper"/>
    	<property name="customerBO" ref="customerBO"/>
		<property name="securityService" ref="ibankSecurityService"/>
		<property name="miAttributeName" value="fxsupplpassword"/>
		<property name="miEncoder" ref="md5Encoder"/>
    </bean>
    
    <bean id="md5Encoder" class="org.springframework.security.crypto.password.MessageDigestPasswordEncoder">
        <property name="encodeHashAsBase64" value="true"/>
        <constructor-arg value="MD5"/>
    </bean>

	<bean id="boaAuthenticationStrategy" class="com.scb.nfs.security.authentication.DefaultUsernamePasswordAuthenticationStrategy">
        <property name="securityService" ref="securityService"/>
        <property name="firstLevelPasswordEncoder" ref="sha1Base64PasswordEncoder"/>
        <property name="secondLevelPasswordEncoder" ref="caPasswordEncoder"/>
    </bean>
    
    <bean id="boaLdapAuthenticationStrategy" class="com.scb.nfs.ibank.security.helper.BOALdapUsernamePasswordAuthenticationStrategy" parent="boaAuthenticationStrategy"/>

	<bean id="mvsAuthenticationStrategy" class="com.scb.nfs.ibank.merchant.helper.MerchantUsernamePasswordAuthenticationStrategy" parent="defaultAuthenticationStrategy">
		<property name="merchantBO" ref="merchantBO" />
	</bean>
	
    <!-- Authentication Provider -->
    <!-- <bean id="foaAuthenticationProvider" class="com.scb.nfs.ibank.security.authentication.JeAuthenticationProvider">
        <property name="securityService" ref="securityService"/>
        <property name="authenticationStrategyMap" ref="authenticationStrategyMap"/>
        <property name="defaultAuthenticationStrategy" ref="e2eUsernamePasswordIbankAuthenticationStrategy"/>
        <property name="systemType" value="${foa.system.type}"/>
        <property name="preAuthenticationChecks">
        	<bean class="com.scb.nfs.security.authentication.UserDetailsChecker">
        		<property name="requiredRole" value="${foa.required.role}"/>
        	</bean>
        </property>
        <property name="dbAuthenticationFlag" value="${foa.db.authentication.flag}"/>
    </bean> -->

    <!-- MVS Authentication Provider -->
    <!-- <bean id="mvsAuthenticationProvider" class="com.scb.nfs.ibank.merchant.helper.MerchantUserDetailsAuthenticationProvider">
        <property name="securityService" ref="securityService"/>
        <property name="authenticationStrategyMap" ref="authenticationStrategyMap"/>
        <property name="defaultAuthenticationStrategy" ref="mvsAuthenticationStrategy"/>
        <property name="systemType" value="${mvs.system.type}"/>
        <property name="preAuthenticationChecks">
        	<bean class="com.scb.nfs.security.authentication.UserDetailsChecker">
        		<property name="requiredRole" value="${mvs.required.role}"/>
        	</bean>
        </property>
        <property name="dbAuthenticationFlag" value="${mvs.db.authentication.flag}"/>
    </bean> -->

	<!-- EBBS Authentication thru WebService -->
    <!-- <bean id="ebbsAuthenticationProvider" class="com.scb.nfs.ibank.security.helper.EBBSAuthenticationProvider">
        <property name="ebbsManager" ref="ebbsManager"/>
        <property name="ebbsLoginService" ref="ebbsLoginService"/>
        <property name="securityBO" ref="securityBO"/>
        <property name="systemType" value="${foa.system.type}"/>
        <property name="requiredRole" value="${foa.required.role}"/>
        <property name="dbAuthenticationFlag" value="${foa.db.authentication.flag}"/>
        <property name="ebbsDirectLogin" value="${foa.ebbs.direct.login.flag}"/>
    </bean> -->

	<!-- <bean id="boaAuthenticationProvider" class="com.scb.nfs.security.authentication.BaseUserDetailsAuthenticationProvider">
        <property name="securityService" ref="securityService"/>
        <property name="defaultAuthenticationStrategy" ref="boaAuthenticationStrategy"/>
        <property name="systemType" value="${boa.system.type}"/>
        <property name="preAuthenticationChecks">
        	<bean class="com.scb.nfs.security.authentication.UserDetailsChecker">
        		property name="requiredRole" value="${boa.required.role}"/
        	</bean>
        </property>
        <property name="dbAuthenticationFlag" value="${boa.db.authentication.flag}"/>
    </bean> -->

    <!-- <bean id="foaSSOAuthenticationProvider" class="com.scb.nfs.ibank.security.authentication.EBBSSSOAuthenticationProvider" parent="foaAuthenticationProvider">
    	<property name="paramKeyMap">
            <map>
                <entry key="userId" value="UID"/>
                <entry key="country" value="CTRY"/>
                <entry key="language" value="LANG"/>
                <entry key="ibkid" value="IBKID"/>
            </map>
        </property>    	      
    </bean> -->

    <!-- LDAP -->
    <!--
	  <bean id="ldapContextSource" class="org.springframework.security.ldap.DefaultSpringSecurityContextSource">
        <constructor-arg value="ldap://10.112.176.178:389/"/>
        <property name="base" value="cn=eBackoffice,ou=mesa,o=scb" />
   </bean>    
   <bean id="boaLdapAuthenticationProvider" class="com.scb.nfs.security.ldap.authentication.LdapAuthenticationProvider">
    <constructor-arg>
            <bean class="org.springframework.security.ldap.authentication.BindAuthenticator">
                <constructor-arg ref="ldapContextSource"/>
                <property name="userDnPatterns">
                    <list><value>uid=${system.type}{0},c=${system.type},cn=eCustomer,ou=mesa,o=scb</value></list>
                </property>
            </bean>
        </constructor-arg>
        <property name="systemType" value="${boa.system.type}"/>
        <property name="authenticationStrategy" ref="boaAuthenticationStrategy"/>
        <property name="dbAuthenticationFlag" value="${boa.db.authentication.flag}"/>
    </bean>
	-->

    <!-- LDAP -->

    <bean id="ldapContextSource" class="org.springframework.security.ldap.DefaultSpringSecurityContextSource">
        <constructor-arg value="${ldap.url}"/>
        <property name="base" value="cn=eBackoffice,ou=mesa,o=scb" />
    </bean>    
    <bean id="ldapAuthenticator" class="com.scb.nfs.security.ldap.authentication.LdapBindAuthenticator">
        <constructor-arg ref="ldapContextSource"/>
        <property name="userSearch" ref="ldapUserSearch"/>  
    </bean>
    <bean id="ldapUserSearch" class="org.springframework.security.ldap.search.FilterBasedLdapUserSearch">
        <constructor-arg index="0" value="c=ae"/>
        <constructor-arg index="1" value="(uid=ae{0})"/>
        <constructor-arg index="2" ref="ldapContextSource"/>
        <property name="searchSubtree" value="true"/>        
    </bean>
    <!-- <bean id="boaLdapAuthenticationProvider" class="com.scb.nfs.security.ldap.authentication.LdapAuthenticationProvider">
        <constructor-arg ref="ldapAuthenticator"/>
        <property name="systemType" value="${boa.system.type}"/>
        <property name="authenticationStrategy" ref="boaLdapAuthenticationStrategy"/>
        <property name="dbAuthenticationFlag" value="${boa.db.authentication.flag}"/>
        <property name="securityService" ref="securityService"/>
        <property name="preAuthenticationChecks">
        	<bean class="com.scb.nfs.security.authentication.UserDetailsChecker">
        		property name="requiredRole" value="${boa.required.role}"/
        	</bean>
        </property>
    </bean> -->

	<bean id="ldapQueryService" class="com.scb.nfs.ibank.security.service.impl.LdapQueryServiceImpl">
	    <constructor-arg ref="ldapAuthenticator"/>
	</bean>
	
	<!-- GLOBUS LDAP -->
	<bean id="globusLdapContextSource" class="org.springframework.ldap.core.support.LdapContextSource">
        <property name="url" value="${ldap.globus.url}"/>
        <property name="base" value="dc=Finantix,dc=ais:profiling,ou=FxTs,ou=WM,ou=apps,o=standardchartered" />
    </bean>
    
	<bean id="globusLdapTemplate" class="org.springframework.ldap.core.LdapTemplate">
		<constructor-arg ref="globusLdapContextSource" />
	</bean>
	
	<bean id="globusLdapAuthenticationHelper" class="com.scb.nfs.ibank.security.helper.JeLdapAuthenticationHelper">
		<constructor-arg ref="globusLdapTemplate"/>
	</bean>

	<!-- Authentication Success Handler -->
	<!-- <bean id="authenticationSuccessHandler" class="com.scb.nfs.ibank.security.helper.IBankAuthenticationSuccessHandler" parent="baseAuthenticationSuccessHandler">
		<property name="customerBO" ref="customerBO"/>
		<property name="userBO" ref="userBO"/>
		<property name="securityBO" ref="securityBO"/>
		<property name="auditLogManager" ref="auditLogManager"/>
		<property name="auditFunctionMap">
            <map>
                <entry key="BOA" value="BOA_LOGIN,INQ"/>
                <entry key="FOA" value="FOA_LOGIN,INQ"/>
            </map>
        </property>
        <property name="dbAuthenticationFlag" value="${foa.db.authentication.flag}"/>
		<property name="defaultTargetUrlMap">
            <map>
                <entry key="AE" value="${AE.landing.page.url}"/>
                <entry key="PK" value="${PK.landing.pange.url}"/>
            </map>
        </property>
        <property name="restrictedLandingUrl" value="${restricted.landing.url}"/>
	</bean> -->

	<!-- Authentication Failure Handler -->
	<!-- <bean id="authenticationFailureHandler" class="com.scb.nfs.ibank.security.helper.IBankAuthenticationFailureHandler" parent="baseAuthenticationFailureHandler">
		<property name="customerBO" ref="customerBO"/>
		<property name="userBO" ref="userBO"/>
		<property name="securityBO" ref="securityBO"/>
		<property name="auditLogManager" ref="auditLogManager"/>
		<property name="auditFunctionMap">
            <map>
                <entry key="BOA" value="BOA_LOGIN,INQ"/>
                <entry key="FOA" value="FOA_LOGIN,INQ"/>
            </map>
        </property>
        <property name="securityErrorMapper" ref="securityErrorMapper"/>
	</bean> -->

	<!-- Logout Handler -->
	<!-- <bean id="auditLogoutHandler" class="com.scb.nfs.ibank.security.helper.IBankAuditLogoutHandler" parent="baseAuditLogoutHandler">
		<property name="auditLogManager" ref="auditLogManager"/>
		<property name="auditFunctionMap">
            <map>
                <entry key="BOA" value="BOA_LOGOUT,INQ"/>
                <entry key="FOA" value="FOA_LOGOUT,INQ"/>
            </map>
        </property>
        <property name="securityService" ref="securityService"/>
	</bean> -->
	
	<!-- <bean id="ebbsLogoutHandler" class="com.scb.nfs.ibank.security.helper.EBBSLogoutHandler">
		<property name="ebbsManager" ref="ebbsManager"/>
        <property name="ebbsLogoutService" ref="ebbsLogoutService"/>
		<property name="dbAuthenticationFlag" value="${foa.db.authentication.flag}"/>
        <property name="ebbsDirectLogin" value="${foa.ebbs.direct.login.flag}"/>
	</bean> -->

    <!-- SPRING SECURITY END -->
    
        <!-- interceptor -->
    <bean id="postNotificationInterceptor" class="com.scb.nfs.ibank.security.helper.PostNotificationInterceptor">
        <property name="securityService" ref="ibankSecurityService" />
        <property name="raeService" ref="raeService"/>
    </bean>

    <!-- <aop:config>
        <aop:aspect ref="postNotificationInterceptor">
            <aop:around pointcut-ref="businessPointcut" method="afterReturning"/>
        </aop:aspect>
    </aop:config> -->

    <!-- BO -->
    <bean id="userBO" class="com.scb.nfs.ibank.security.bo.impl.UserBOImpl">
    	<property name="userService" ref="userService"/>
    </bean>
    
    <bean id="securityBO" class="com.scb.nfs.ibank.security.bo.impl.SecurityBOImpl">
    	<property name="securityService" ref="ibankSecurityService"/>
    	<property name="requiredRole" value="${foa.required.role}"/>
    	<property name="customerService" ref="customerService"/>
    	<property name="auditLogManager" ref="auditLogManager"/>
    	<property name="maximumSessions" value="${sec.max.user.concurrent.sessions}"/>    	
    	<property name="ebbsManager" ref="ebbsManager"/>
    	<property name="ibankSecurityService" ref="ibankSecurityService"/>
    	<property name="ebbsLoginService" ref="ebbsLoginService"/>
        <property name="ebbsLogoutService" ref="ebbsLogoutService"/>
        <property name="registrationService" ref="registrationService"/>
        <property name="ebbsDirectLogin" value="${foa.ebbs.direct.login.flag}"/>
        <property name="transferLimitBO" ref="transferLimitBO"/>
        <property name="mobileNumberService" ref="mobileNumberService"/>
        <property name="strategy" ref="e2eUsernamePasswordIbankAuthenticationStrategy"/>
        <property name="securityErrorMapper" ref="securityErrorMapper"/>
        <property name="lookupService" ref="lookupService"/>
    </bean>

    <bean id="userCredentialBO" class="com.scb.nfs.ibank.security.bo.impl.UserCredentialBOImpl">
    	<property name="restrictedUserIds">
    		<list>
				<value>admin</value>
				<value>administrator</value>
				<value>customerservice</value>
				<value>customersupport</value>
				<value>support</value>
				<value>root</value>
				<value>customer_service</value>
				<value>customer_support</value>
				<value>Jolene789</value>
				<value>username</value>
			</list>
    	</property>
    	<property name="restrictedPasswords" ref="restrictedPasswordsList"/>
    	<property name="minPasswordLength" value="${min.password.length}" />            
    	<property name="maxPasswordLength" value="${max.password.length}" />
    	<property name="passwordMinStrength" value="${min.password.strength}" />
    	<property name="minUserIdLength" value="${min.userid.length}" />
    	<property name="maxUserIdLength" value="${max.userid.length}" />
    	<property name="minPasswordUniqueCounter" value="${min.password.unique.counter}" />
    	<property name="registrationService" ref="registrationService" />
    	<property name="securityBO" ref="securityBO" />
    	<property name="securityService" ref="securityService" />
    	<property name="commonService" ref="commonService" />
    	<property name="ibankSecurityService" ref="ibankSecurityService" />
    	<property name="auditLogManager" ref="auditLogManager"/>
    	<property name="mailBO" ref="mailBO"/>
    	<property name="customerService" ref="customerService"/>
    	<property name="postNotificationBO" ref="postNotificationBO"/>
    	<property name="usernamePasswordAuthenticationStrategy" ref="e2eUsernamePasswordIbankAuthenticationStrategy"/>
	</bean>
	
	<bean id="e2eUserCredentialBO" class="com.scb.nfs.ibank.security.bo.impl.E2EUserCredentialBOImpl" parent="userCredentialBO" />
	
    <!-- Service -->	 
	<bean id="securityService" class="com.scb.nfs.ibank.security.service.impl.SecurityServiceImpl">
		<property name="securityDAO" ref="securityDAO"/>
		<property name="cacheManager" ref="cacheManager"/>
		<property name="systemLanguageList" ref="systemLanguageList"/>
		<property name="sasManager" ref="sasManager"/>	
		<property name="customerService" ref="customerService"/>	
		<property name="maxLoginInvalidCount" value="${max.login.invalid.count}" />			
	</bean>

	<bean id="ibankSecurityService" class="com.scb.nfs.ibank.security.service.impl.E2ESecurityServiceImpl" parent="securityService">
		<property name="securityDAO" ref="securityDAO"/>
		<property name="cacheManager" ref="cacheManager"/>
		<property name="validateToken" value="${sec.validate.token}"/>
        <property name="mobileNumLength" value="${sec.mobile.num.length}"/>
        <property name="notificationService" ref="notificationService"/>
        <property name="sasManager" ref="sasManager"/>
        <property name="caManager" ref="caManager"/>
        <property name="maxLoginCounterMap" ref="maxLoginCounterMap"/>
        <property name="customerService" ref="customerService"/>	
	</bean>
	
	<bean id="userService" class="com.scb.nfs.ibank.security.service.impl.UserServiceImpl">
		<property name="userDAO" ref="userDAO"/>
	</bean>
	
	<bean id="boRequestService" class="com.scb.nfs.ibank.security.service.impl.BORequestServiceImpl">
		<property name="boRequestDAO" ref="boRequestDAO"/>
	</bean>
	
	<!-- EBBS Service for LDAP -->
  	<bean id="ebbsLoginService" class="com.scb.ibank.services.impl.LoginServiceImpl" >
  		<property name="userStatusDAO" ref="ebbsUserStatusDAO"/>
  		<property name="loginServiceDAO" ref="ebbsLoginServiceDAO"/>
        <property name="ldapURL" value="${ebbs.ldap.url}"/>
  	</bean>
  
  	<bean id="ebbsLogoutService" class="com.scb.ibank.services.impl.LogoutServiceImpl">
  		<property name="userStatusDAO" ref="ebbsUserStatusDAO"/>
  		<property name="loginServiceDAO" ref="ebbsLoginServiceDAO"/>
  	</bean>
  
    <!-- DAO -->
	<bean id="securityDAO" class="com.scb.nfs.ibank.security.dao.impl.SecurityDAOImpl" parent="baseHibernateDAO"/>
	<bean id="userDAO" class="com.scb.nfs.ibank.security.dao.impl.UserDAOImpl" parent="baseHibernateDAO"/>

	<!--  EBBS DAO for LDAP -->
  	<bean id="ebbsLoginServiceDAO" class="com.scb.ibank.dao.impl.LoginServiceDAOImpl" parent="conHelperUtil"/>
  	<bean id="ebbsUserStatusDAO" class="com.scb.ibank.dao.impl.UserStatusDAOImpl" parent="conHelperUtil"/>
  	
  	<bean id="conHelperUtil" class="com.scb.ibank.util.ConHelper">
  		<property name="dataSource" ref="dataSource"/>
  	</bean>
  	
    <!-- Misc/Config -->
    <util:map id="restrictAuthenticatedUrlMap">
        <entry key="${logout.success.url}">
            <list/>
        </entry>
        <entry key="${global.url}">
            <list>
                <value>userInfoBean</value>
            </list>
        </entry>
    </util:map>
    
    <util:map id="maxLoginCounterMap">
        <entry key="AE" value="3"/>
        <entry key="PK" value="2"/>
        <entry key="JE" value="3"/>       
    </util:map>

    <util:map id="foaAuthenticationExceptionMap" map-class="java.util.LinkedHashMap">
        <entry key="com.scb.nfs.security.authentication.AuthenticationBusinessException" value="${login.failure.url}&amp;code={0}&amp;required={1}"/>
        <entry key="org.springframework.security.authentication.BadCredentialsException" value="${login.failure.url}&amp;code=ERR_SEC_01"/>
        <entry key="org.springframework.security.authentication.InsufficientAuthenticationException" value="${session.timeout.url}&amp;iae=1"/>
        <entry key="org.springframework.security.authentication.AuthenticationServiceException" value="${login.failure.url}&amp;code=ERR_SEC_00"/>
    </util:map>

    <util:map id="ddAuthenticationExceptionMap" map-class="java.util.LinkedHashMap">
        <entry key="com.scb.nfs.security.authentication.AuthenticationBusinessException" value="${ddlogin.failure.url}&amp;code={0}&amp;required={1}"/>
        <entry key="org.springframework.security.authentication.BadCredentialsException" value="${ddlogin.failure.url}&amp;code=ERR_SEC_01"/>
        <entry key="org.springframework.security.authentication.InsufficientAuthenticationException" value="${ddsession.timeout.url}&amp;iae=1"/>
        <entry key="org.springframework.security.authentication.AuthenticationServiceException" value="${ddlogin.failure.url}&amp;code=ERR_SEC_00"/>
    </util:map>

    <util:set id="systemLanguageList">
        <value>en</value>
        <value>zh_CN</value>
        <value>zh_HK</value>
        <value>in_ID</value>
    </util:set>

    <util:map id="userAgentMap" map-class="java.util.LinkedHashMap">
        <entry key="^.*?(AvantGo|BlackBerry|DoCoMo|iPhone|J-PHONE|LG-|LGE-|MIDP|Mobile|MOT-|Netfront|Nokia|Opera Mini|Opera Mobi|Palm|PDA|SAGEM-|SAMSUNG|SCH-|SEC-|SHARP|SIE-|Smartphone|SmartPhone|SonyEricsson|Symbian|UP.Browser|Vodafone|Windows CE).*$" value="Mobile"/>
        <entry key=".*MSIE.*" value="MSIE"/>
        <entry key=".*Firefox.*" value="FireFox"/>
        <entry key=".*Chrome.*" value="Chrome"/>
        <entry key=".*Safari.*" value="Safari"/>
        <entry key=".*Opera.*" value="Opera"/>
        <entry key=".*SeaMonkey.*" value="SeaMonkey"/>
        <entry key=".*Breeze.*" value="BRZE"/>
        <entry key=".*HttpClient.*" value="HttpClient"/>
    </util:map>

    <util:set id="customAuthParams">
    </util:set>
	
    <bean id="getFunctionMenuListService" class="org.springframework.beans.factory.config.MethodInvokingFactoryBean" abstract="true">
        <property name="targetObject" ref="securityService"/>
        <property name="targetMethod" value="getFunctionMenuList"/>
    </bean>

<!--     <bean id="functionMenu_FOA_en" parent="getFunctionMenuListService"> -->
<!--         <property name="arguments"> -->
<!--             <list> -->
<!--                 <value>FOA</value> -->
<!--                 <value>en</value> -->
<!--             </list> -->
<!--         </property> -->
<!--     </bean> -->

	<!--
    <bean id="functionMenu_FOA_zh_CN" parent="getFunctionMenuListService">
        <property name="arguments">
            <list>
                <value>FOA</value>
                <value>zh_CN</value>
            </list>
        </property>
    </bean>


    <bean id="functionMenu_FOA_zh_HK" parent="getFunctionMenuListService">
        <property name="arguments">
            <list>
                <value>FOA</value>
                <value>zh_HK</value>
            </list>
        </property>
    </bean>

    <bean id="functionMenu_FOA_in_ID" parent="getFunctionMenuListService">
        <property name="arguments">
            <list>
                <value>FOA</value>
                <value>in_ID</value>
            </list>
        </property>
    </bean>

-->
<!--     <bean id="functionMenu_BOA_en" parent="getFunctionMenuListService">
        <property name="arguments">
            <list>
                <value>BOA</value>
                <value>en</value>
            </list>
        </property>
    </bean> -->
    
    <bean id="raeService" class="com.scb.nfs.ibank.security.service.impl.RAEServiceImpl">
        <property name="securityService" ref="ibankSecurityService" />
        <property name="cacheManager" ref="simpleCacheManager" />
        <property name="notificationService" ref="notificationService"/>

        <!-- <property name="otpValidityDuration" value="${otp.validity.duration}" />-->

    </bean>

    <!-- Delegate (DWR) -->
	<bean id="raeDelegate" class="com.scb.nfs.ibank.security.helper.RAEDelegate">
		<property name="raeService" ref="raeService"/>
		<dwr:remote javascript="AjaxRAEDelegate">
			<dwr:include method="resendOTP"/>
			<dwr:include method="resendALP"/>
		</dwr:remote>
	</bean>


    <!-- ADDED FOR MFA -->

    <bean id="oAuthBO" class="com.scb.nfs.ibank.security.bo.impl.OAuthBOImpl">
        <property name="oAuthService" ref="oAuthService"/>
    </bean>

    <bean id="oAuthService" class="com.scb.nfs.ibank.security.service.impl.OAuthServiceImpl">
        <property name="serviceUtil" ref="serviceUtil"/>
    </bean>


    <bean id="serviceUtil" class="com.scb.nfs.ibank.security.utils.SecurityUtils">
        <property name="objectMapper" ref="objectMapper"/>
        <property name="oAuthApiServiceConfigMapper" ref="oAuthApiServiceConfigMapper"/>
        <property name="jsonApiService" ref="jsonApiService"/>
    </bean>

    <util:map id="oAuthApiServiceConfigMapper" map-class="java.util.HashMap">
        <entry>
            <key>
                <value>MFA_OAUTH_SSO_AUTHORIZE_REDIRECT_CONFIG</value>
            </key>
            <ref bean="mfaOAuthSSORedirectConfig"/>
        </entry>

        <entry>
            <key>
                <value>MFA_OAUTH_SSO_ACCESSTOKEN_REDIRECT_CONFIG</value>
            </key>
            <ref bean="mfaOAuthSSOAccessTokenConfig"/>
        </entry>
    </util:map>

    <bean id="mfaOAuthSSORedirectConfig" class="com.scb.nfs.ibank.security.vo.JsonApiConfigVO">
        <property name="mfaSSOOAuthMapper">
            <map>
                <entry key="JE">
                    <map>
                        <entry key="authorizeUrl" value="${mfa.oauth.sso.authorizeUrl.JE}"/>
                        <entry key="client_id" value="${mfa.oauth.data.clientId.JE}"/>
                        <entry key="redirect_uri" value="${mfa.oauth.data.redirectUri}"/>
                        <entry key="response_type" value="${mfa.oauth.data.code}"/>
                    </map>
                </entry>
            </map>
        </property>
        <property name="timeout" value="${mfa.oauth.max.timeout}"/>
    </bean>

    <bean id="mfaOAuthSSOAccessTokenConfig" class="com.scb.nfs.ibank.security.vo.JsonApiConfigVO">
        <property name="serviceName" value="MFA.GetAPITokenDetails"/>
        <property name="responseClass" value="${json.api.oauth.access_token.response_class}"/>

        <property name="requestType" value="POST"/>
        <property name="cntryCode" value="##(COUNTRY)##"/>
        <property name="accessTokenUrl" value="${mfa.oauth.sso.accessTokenUrl.JE}"/>
        <property name="timeout" value="${mfa.oauth.max.timeout}"/>
        <property name="mfaSSOOAuthMapper">
            <map>
                <entry key="JE">
                    <map>
                        <entry key="client_id" value="${mfa.oauth.data.clientId.JE}"/>
                        <entry key="redirect_uri" value="${mfa.oauth.data.redirectUri}"/>
                        <entry key="code" value="##(ACCESSCODE)##"/>
                        <entry key="grant_type" value="${mfa.oauth.data.grantType}"/>
                    </map>
                </entry>
            </map>
        </property>
        <property name="httpHeaderMap">
            <map>
                <entry key="Content-Type" value="${json.api.http_header.content_type.form_urlencoded}"/>
                <entry key="X-Cert" value="##(mTLSCERT)##"/>
            </map>
        </property>
    </bean>

    <bean id="jsonApiService" class="com.scb.nfs.ibank.gateway.jsonapi.service.impl.JsonApiServiceImpl">
        <property name="jsonApiGateway" ref="jsonApiGateway"/>
    </bean>

    <bean id="jsonApiGateway" class="com.scb.nfs.ibank.gateway.jsonapi.helper.JsonApiGateway">
      <property name="gson" ref="gson"></property>
        <property name="jsonApiHttpClient" ref="jsonApiHttpClient"></property>
    </bean>

    <bean id="jsonApiHttpClient" class="com.scb.nfs.ibank.gateway.jsonapi.helper.JsonApiHttpClient">
        <property name="trustStorePassword" value="${mfa.api.truststore.jks.password}"></property>
        <property name="trustStorePath" value="${mfa.api.truststore.path}"></property>
        <property name="alias" value="${mfa.api.cert.alias.path}"></property>
    </bean>

    <bean id="objectMapper" class="com.fasterxml.jackson.databind.ObjectMapper"/>

   <bean id="gson" class="com.google.gson.Gson"></bean>
</beans>
